stim_name,wtc_code,manifest_wtc_code,beta_piece_override_applied,deployed_basename_normalized,beta_oname,beta_oname_midi,beta_list,beta_perf,beta_score,manual_onset_s,onset_source,deployed_source_wav,matched_source_wav,beta_midi_path,deployed_t0_wav,matched_t0_wav,beta_midi_t0_wav,post_crop_t0_plot,deployed_source_duration_s,deployed_t0_duration_s,matched_t0_duration_s,beta_midi_t0_duration_s,deployed_t0_auto_onset_s,matched_t0_auto_onset_s,beta_midi_t0_auto_onset_s,sync_status,midi_render_ok,midi_render_error,prior_sync_status,notes
track1,wtc1p15,wtc1p15,False,cut-ORIG-MIDI_02_7_6_13_Group__MID--AUDIO_07_R1_2013_wav--1.wav,cut-ORIG-MIDI_02_7_6_13_Group__MID--AUDIO_07_R1_2013_wav--1.wav,cut-ORIG-MIDI_02_7_6_13_Group__MID--AUDIO_07_R1_2013_wav--1.midi,2,-0.2186,-0.2511,1.06510416666667,review_onset,01_DEPLOYED.wav,02_MATCHED.wav,wtc1p15_cut-ORIG-MIDI_02_7_6_13_Group__MID--AUDIO_07_R1_2013_wav--1.midi,01_deployed_t0.wav,02_matched_t0.wav,03_beta_midi_piano_t0.wav,track1_beta_midi_t0_stacked_check.png,52.69660416666667,51.6315,51.6315,51.63149659863946,0.0,0.0,0.0,midi_pending_confirmation,True,,pending_confirmation,
track10,wtc1p03,wtc1p03,False,cut-MIDI-Unprocessed_049_PIANO049_MID--AUDIO-split_07-06-17_Piano-e_2-06_wav--1.wav,cut-MIDI-Unprocessed_049_PIANO049_MID--AUDIO-split_07-06-17_Piano-e_2-06_wav--1.wav,cut-MIDI-Unprocessed_049_PIANO049_MID--AUDIO-split_07-06-17_Piano-e_2-06_wav--1.midi,3,-1.2481,-1.2469,0.9642708333333329,manual_correction,01_DEPLOYED.wav,02_MATCHED_CORRECTED.wav,wtc1p03_cut-MIDI-Unprocessed_049_PIANO049_MID--AUDIO-split_07-06-17_Piano-e_2-06_wav--1.midi,01_deployed_t0.wav,02_matched_t0.wav,03_beta_midi_piano_t0.wav,track10_beta_midi_t0_stacked_check.png,83.24164583333334,82.277375,82.277375,82.27739229024944,0.0,0.0,0.0,midi_pending_confirmation,True,,pass_after_correction,Piece-code mapping corrected from source-table label.
track11,wtc1p15,wtc1p15,False,cut-MIDI-Unprocessed_15_R1_2008_01-04_ORIG_MID--AUDIO_15_R1_2008_wav--1.wav,cut-MIDI-Unprocessed_15_R1_2008_01-04_ORIG_MID--AUDIO_15_R1_2008_wav--1.wav,cut-MIDI-Unprocessed_15_R1_2008_01-04_ORIG_MID--AUDIO_15_R1_2008_wav--1.midi,3,-0.2187,-0.2511,1.08329166666667,review_onset,01_DEPLOYED.wav,02_MATCHED.wav,wtc1p15_cut-MIDI-Unprocessed_15_R1_2008_01-04_ORIG_MID--AUDIO_15_R1_2008_wav--1.midi,01_deployed_t0.wav,02_matched_t0.wav,03_beta_midi_piano_t0.wav,track11_beta_midi_t0_stacked_check.png,49.9335625,48.85027083333333,48.85027083333333,48.85027210884354,0.0,0.0,0.0,midi_pending_confirmation,True,,pending_confirmation,
track12,wtc1p04,wtc1p04,False,cut-MIDI-Unprocessed_Recital4_MID--AUDIO_04_R1_2018_wav--1.wav,cut-MIDI-Unprocessed_Recital4_MID--AUDIO_04_R1_2018_wav--1.wav,cut-MIDI-Unprocessed_Recital4_MID--AUDIO_04_R1_2018_wav--1.midi,2,-0.3545,-0.5101,0.9890625,review_onset,01_DEPLOYED.wav,02_MATCHED.wav,wtc1p04_cut-MIDI-Unprocessed_Recital4_MID--AUDIO_04_R1_2018_wav--1.midi,01_deployed_t0.wav,02_matched_t0.wav,03_beta_midi_piano_t0.wav,track12_beta_midi_t0_stacked_check.png,156.8333125,155.84425,155.84425,155.8442403628118,0.0,0.0,0.0,midi_pending_confirmation,True,,pending_confirmation,
track13,wtc1p15,wtc1p15,False,cut-MIDI-Unprocessed_18_R1_2008_01-04_ORIG_MID--AUDIO_18_R1_2008_wav--1.wav,cut-MIDI-Unprocessed_18_R1_2008_01-04_ORIG_MID--AUDIO_18_R1_2008_wav--1.wav,cut-MIDI-Unprocessed_18_R1_2008_01-04_ORIG_MID--AUDIO_18_R1_2008_wav--1.midi,2,-0.417,-0.2511,1.01952083333333,review_onset,01_DEPLOYED.wav,02_MATCHED.wav,wtc1p15_cut-MIDI-Unprocessed_18_R1_2008_01-04_ORIG_MID--AUDIO_18_R1_2008_wav--1.midi,01_deployed_t0.wav,02_matched_t0.wav,03_beta_midi_piano_t0.wav,track13_beta_midi_t0_stacked_check.png,51.06160416666667,50.04208333333333,50.04208333333333,50.042086167800456,0.0,0.0,0.0,midi_pending_confirmation,True,,pending_confirmation,
track14,wtc1p17,wtc1p17,False,cut-ORIG-MIDI_01_7_6_13_Group__MID--AUDIO_04_R1_2013_wav--1.wav,cut-ORIG-MIDI_01_7_6_13_Group__MID--AUDIO_04_R1_2013_wav--1.wav,cut-ORIG-MIDI_01_7_6_13_Group__MID--AUDIO_04_R1_2013_wav--1.midi,1,-0.9336,-0.9849,0.988395833333333,review_onset,01_DEPLOYED.wav,02_MATCHED.wav,wtc1p17_cut-ORIG-MIDI_01_7_6_13_Group__MID--AUDIO_04_R1_2013_wav--1.midi,01_deployed_t0.wav,02_matched_t0.wav,03_beta_midi_piano_t0.wav,track14_beta_midi_t0_stacked_check.png,70.86195833333333,69.8735625,69.8735625,69.87356009070295,0.0,0.0,0.0,midi_pending_confirmation,True,,pending_confirmation,
track15,wtc1p03,wtc1p03,False,cut-ORIG-MIDI_01_7_7_13_Group__MID--AUDIO_12_R1_2013_wav--1.wav,cut-ORIG-MIDI_01_7_7_13_Group__MID--AUDIO_12_R1_2013_wav--1.wav,cut-ORIG-MIDI_01_7_7_13_Group__MID--AUDIO_12_R1_2013_wav--1.midi,2,-1.0295,-1.2469,0.99075,review_onset,01_DEPLOYED.wav,02_MATCHED.wav,wtc1p03_cut-ORIG-MIDI_01_7_7_13_Group__MID--AUDIO_12_R1_2013_wav--1.midi,01_deployed_t0.wav,02_matched_t0.wav,03_beta_midi_piano_t0.wav,track15_beta_midi_t0_stacked_check.png,73.12366666666667,72.13291666666667,72.13291666666667,72.13292517006802,0.0,0.0,0.0,midi_pending_confirmation,True,,pending_confirmation,
track16,wtc1f05,wtc1f05,False,cut-MIDI-Unprocessed_18_R1_2011_MID--AUDIO_R1-D7_07_Track07_wav.wav,cut-MIDI-Unprocessed_18_R1_2011_MID--AUDIO_R1-D7_07_Track07_wav.wav,cut-MIDI-Unprocessed_18_R1_2011_MID--AUDIO_R1-D7_07_Track07_wav.midi,3,-0.5387,-0.6812,1.222125,review_onset,01_DEPLOYED.wav,02_MATCHED.wav,wtc1f05_cut-MIDI-Unprocessed_18_R1_2011_MID--AUDIO_R1-D7_07_Track07_wav.midi,01_deployed_t0.wav,02_matched_t0.wav,03_beta_midi_piano_t0.wav,track16_beta_midi_t0_stacked_check.png,106.49329166666666,105.27116666666667,105.27116666666667,105.27115646258504,0.0,0.0,0.0,midi_pending_confirmation,True,,pending_confirmation,
track17,wtc2f07,wtc2f07,False,cut-MIDI-Unprocessed_061_PIANO061_MID--AUDIO-split_07-07-17_Piano-e_2-05_wav--1.wav,cut-MIDI-Unprocessed_061_PIANO061_MID--AUDIO-split_07-07-17_Piano-e_2-05_wav--1.wav,cut-MIDI-Unprocessed_061_PIANO061_MID--AUDIO-split_07-07-17_Piano-e_2-05_wav--1.midi,2,-0.7004,-0.9718,1.99295833333333,review_onset,01_DEPLOYED.wav,02_MATCHED.wav,wtc2f07_cut-MIDI-Unprocessed_061_PIANO061_MID--AUDIO-split_07-07-17_Piano-e_2-05_wav--1.midi,01_deployed_t0.wav,02_matched_t0.wav,03_beta_midi_piano_t0.wav,track17_beta_midi_t0_stacked_check.png,116.1940625,114.20110416666667,114.20110416666667,114.20111111111112,0.0,0.0,0.0,midi_pending_confirmation,True,,audio_aligned_midi_pending_confirmation,midi_needs_replacement_or_resplit; available wtc2f07 candidates much longer than deployed audio
track18,wtc2p01,wtc2p01,False,cut-MIDI-Unprocessed_R1_D2-13-20_mid--AUDIO-from_mp3_17_R1_2015_wav--1.wav,cut-MIDI-Unprocessed_R1_D2-13-20_mid--AUDIO-from_mp3_17_R1_2015_wav--1.wav,cut-MIDI-Unprocessed_R1_D2-13-20_mid--AUDIO-from_mp3_17_R1_2015_wav--1.midi,1,-0.2781,-0.1693,0.9896041666666668,review_onset,01_DEPLOYED.wav,02_MATCHED.wav,wtc2p01_cut-MIDI-Unprocessed_R1_D2-13-20_mid--AUDIO-from_mp3_17_R1_2015_wav--1.midi,01_deployed_t0.wav,02_matched_t0.wav,03_beta_midi_piano_t0.wav,track18_beta_midi_t0_stacked_check.png,145.38747916666668,144.397875,144.397875,144.39786848072563,0.0,0.0,0.0,midi_pending_confirmation,True,,pending_confirmation,
track19,wtc1p03,wtc1p03,False,cut-MIDI-Unprocessed_02_R1_2008_01-05_ORIG_MID--AUDIO_02_R1_2008_wav--1.wav,cut-MIDI-Unprocessed_02_R1_2008_01-05_ORIG_MID--AUDIO_02_R1_2008_wav--1.wav,cut-MIDI-Unprocessed_02_R1_2008_01-05_ORIG_MID--AUDIO_02_R1_2008_wav--1.midi,2,-1.3369,-1.2469,1.03791666666667,review_onset,01_DEPLOYED.wav,02_MATCHED.wav,wtc1p03_cut-MIDI-Unprocessed_02_R1_2008_01-05_ORIG_MID--AUDIO_02_R1_2008_wav--1.midi,01_deployed_t0.wav,02_matched_t0.wav,03_beta_midi_piano_t0.wav,track19_beta_midi_t0_stacked_check.png,69.21947916666667,68.1815625,68.1815625,68.18156462585034,0.0,0.0,0.0,midi_pending_confirmation,True,,pending_confirmation,
track2,wtc1p15,wtc1p15,False,cut-MIDI-Unprocessed_R1_D2-21-22_mid--AUDIO-from_mp3_21_R1_2015_wav--1.wav,cut-MIDI-Unprocessed_R1_D2-21-22_mid--AUDIO-from_mp3_21_R1_2015_wav--1.wav,cut-MIDI-Unprocessed_R1_D2-21-22_mid--AUDIO-from_mp3_21_R1_2015_wav--1.midi,3,-0.3972,-0.2511,0.9949583333333328,review_onset,01_DEPLOYED.wav,02_MATCHED.wav,wtc1p15_cut-MIDI-Unprocessed_R1_D2-21-22_mid--AUDIO-from_mp3_21_R1_2015_wav--1.midi,01_deployed_t0.wav,02_matched_t0.wav,03_beta_midi_piano_t0.wav,track2_beta_midi_t0_stacked_check.png,49.760395833333334,48.7654375,48.7654375,48.765419501133785,0.0,0.0,0.0,midi_pending_confirmation,True,,pending_confirmation,
track20,wtc2p24,wtc2p24,False,cut-MIDI-Unprocessed_06_R1_2008_01-04_ORIG_MID--AUDIO_06_R1_2008_wav--1.wav,cut-MIDI-Unprocessed_06_R1_2008_01-04_ORIG_MID--AUDIO_06_R1_2008_wav--1.wav,cut-MIDI-Unprocessed_06_R1_2008_01-04_ORIG_MID--AUDIO_06_R1_2008_wav--1.midi,1,-0.44,-0.3163,1.0476875,review_onset,01_DEPLOYED.wav,02_MATCHED.wav,wtc2p24_cut-MIDI-Unprocessed_06_R1_2008_01-04_ORIG_MID--AUDIO_06_R1_2008_wav--1.midi,01_deployed_t0.wav,02_matched_t0.wav,03_beta_midi_piano_t0.wav,track20_beta_midi_t0_stacked_check.png,131.44920833333333,130.40152083333334,130.40152083333334,130.40151927437643,0.0,0.0,0.0,midi_pending_confirmation,True,,pending_confirmation,
track21,wtc1f05,wtc1f05,False,cut-MIDI-Unprocessed_053_PIANO053_MID--AUDIO-split_07-06-17_Piano-e_3-04_wav--1.wav,cut-MIDI-Unprocessed_053_PIANO053_MID--AUDIO-split_07-06-17_Piano-e_3-04_wav--1.wav,cut-MIDI-Unprocessed_053_PIANO053_MID--AUDIO-split_07-06-17_Piano-e_3-04_wav--1.midi,3,-0.539,-0.6812,1.95889583333333,review_onset,01_DEPLOYED.wav,02_MATCHED.wav,wtc1f05_cut-MIDI-Unprocessed_053_PIANO053_MID--AUDIO-split_07-06-17_Piano-e_3-04_wav--1.midi,01_deployed_t0.wav,02_matched_t0.wav,03_beta_midi_piano_t0.wav,track21_beta_midi_t0_stacked_check.png,138.36122916666667,136.40233333333333,136.40233333333333,136.40233560090704,0.0,0.0,0.0,midi_pending_confirmation,True,,pending_confirmation,
track22,wtc2f07,wtc2f07,False,cut-MIDI-Unprocessed_13_R1_2011_MID--AUDIO_R1-D5_02_Track02_wav.wav,cut-MIDI-Unprocessed_13_R1_2011_MID--AUDIO_R1-D5_02_Track02_wav.wav,cut-MIDI-Unprocessed_13_R1_2011_MID--AUDIO_R1-D5_02_Track02_wav.midi,2,-0.8852,-0.9718,2.03095833333333,review_onset,01_DEPLOYED.wav,02_MATCHED.wav,wtc2f07_cut-MIDI-Unprocessed_13_R1_2011_MID--AUDIO_R1-D5_02_Track02_wav.midi,01_deployed_t0.wav,02_matched_t0.wav,03_beta_midi_piano_t0.wav,track22_beta_midi_t0_stacked_check.png,92.01872916666666,89.98777083333333,89.98777083333333,89.98777777777778,0.0,0.0,0.0,midi_pending_confirmation,True,,audio_aligned_midi_pending_confirmation,midi_needs_replacement_or_resplit; available wtc2f07 candidates much longer than deployed audio
track23,wtc1p03,wtc1p03,False,cut-MIDI-Unprocessed_24_R1_2011_MID--AUDIO_R1-D9_08_Track08_wav.wav,cut-MIDI-Unprocessed_24_R1_2011_MID--AUDIO_R1-D9_08_Track08_wav.wav,cut-MIDI-Unprocessed_24_R1_2011_MID--AUDIO_R1-D9_08_Track08_wav.midi,3,-1.1204,-1.2469,0.974604166666667,manual_correction,01_DEPLOYED.wav,02_MATCHED_CORRECTED.wav,wtc1p03_cut-MIDI-Unprocessed_24_R1_2011_MID--AUDIO_R1-D9_08_Track08_wav.midi,01_deployed_t0.wav,02_matched_t0.wav,03_beta_midi_piano_t0.wav,track23_beta_midi_t0_stacked_check.png,73.95439583333334,72.97979166666667,72.97979166666667,72.97979591836734,0.0,0.0,0.0,midi_pending_confirmation,True,,pass_audio_after_correction_midi_needs_final_confirm,Piece-code mapping corrected from source-table label; MIDI retained for traceability.
track24,wtc1p17,wtc1p17,False,cut-MIDI-Unprocessed_13_R1_2008_01-04_ORIG_MID--AUDIO_13_R1_2008_wav--1.wav,cut-MIDI-Unprocessed_13_R1_2008_01-04_ORIG_MID--AUDIO_13_R1_2008_wav--1.wav,cut-MIDI-Unprocessed_13_R1_2008_01-04_ORIG_MID--AUDIO_13_R1_2008_wav--1.midi,1,-1.0328,-0.9849,1.09241666666667,review_onset,01_DEPLOYED.wav,02_MATCHED.wav,wtc1p17_cut-MIDI-Unprocessed_13_R1_2008_01-04_ORIG_MID--AUDIO_13_R1_2008_wav--1.midi,01_deployed_t0.wav,02_matched_t0.wav,03_beta_midi_piano_t0.wav,track24_beta_midi_t0_stacked_check.png,76.0611875,74.96877083333334,74.96877083333334,74.96875283446713,0.0,0.0,0.00598639455782313,midi_pending_confirmation,True,,pending_confirmation,
track3,wtc2f06,wtc2f06,False,cut-MIDI-Unprocessed_065_PIANO065_MID--AUDIO-split_07-07-17_Piano-e_3-01_wav--1.wav,cut-MIDI-Unprocessed_065_PIANO065_MID--AUDIO-split_07-07-17_Piano-e_3-01_wav--1.wav,cut-MIDI-Unprocessed_065_PIANO065_MID--AUDIO-split_07-07-17_Piano-e_3-01_wav--1.midi,1,-1.0934,-0.9258,1.98908333333333,review_onset,01_DEPLOYED.wav,02_MATCHED.wav,wtc2f06_cut-MIDI-Unprocessed_065_PIANO065_MID--AUDIO-split_07-07-17_Piano-e_3-01_wav--1.midi,01_deployed_t0.wav,02_matched_t0.wav,03_beta_midi_piano_t0.wav,track3_beta_midi_t0_stacked_check.png,122.0444375,120.05535416666666,120.05535416666666,120.0553514739229,0.0,0.0,0.0,midi_pending_confirmation,True,,pending_confirmation,
track4,wtc2f06,wtc2f06,False,cut-MIDI-Unprocessed_XP_09_R1_2004_01-02_ORIG_MID--AUDIO_09_R1_2004_01_Track01_wav.wav,cut-MIDI-Unprocessed_XP_09_R1_2004_01-02_ORIG_MID--AUDIO_09_R1_2004_01_Track01_wav.wav,cut-MIDI-Unprocessed_XP_09_R1_2004_01-02_ORIG_MID--AUDIO_09_R1_2004_01_Track01_wav.midi,1,-0.9994,-0.9258,1.97366666666667,review_onset,01_DEPLOYED.wav,02_MATCHED.wav,wtc2f06_cut-MIDI-Unprocessed_XP_09_R1_2004_01-02_ORIG_MID--AUDIO_09_R1_2004_01_Track01_wav.midi,01_deployed_t0.wav,02_matched_t0.wav,03_beta_midi_piano_t0.wav,track4_beta_midi_t0_stacked_check.png,117.5625625,115.58889583333334,115.58889583333334,115.58888888888889,0.0,0.0,0.0,midi_pending_confirmation,True,,audio_aligned_midi_pending_confirmation,midi_needs_confirmation_user_reported_off; duration-ranked wtc2f06_83 is closest but not final
track5,wtc2p01,wtc2p01,False,cut-MIDI-Unprocessed_R1_D2-13-20_mid--AUDIO-from_mp3_20_R1_2015_wav--1.wav,cut-MIDI-Unprocessed_R1_D2-13-20_mid--AUDIO-from_mp3_20_R1_2015_wav--1.wav,cut-MIDI-Unprocessed_R1_D2-13-20_mid--AUDIO-from_mp3_20_R1_2015_wav--1.midi,1,-0.3205,-0.1693,0.9955208333333329,review_onset,01_DEPLOYED.wav,02_MATCHED.wav,wtc2p01_cut-MIDI-Unprocessed_R1_D2-13-20_mid--AUDIO-from_mp3_20_R1_2015_wav--1.midi,01_deployed_t0.wav,02_matched_t0.wav,03_beta_midi_piano_t0.wav,track5_beta_midi_t0_stacked_check.png,152.4866875,151.49116666666666,151.49116666666666,151.491179138322,0.0,0.0,0.0,midi_pending_confirmation,True,,pending_confirmation,
track6,wtc1p04,wtc1p04,False,cut-MIDI-Unprocessed_044_PIANO044_MID--AUDIO-split_07-06-17_Piano-e_1-04_wav--1.wav,cut-MIDI-Unprocessed_044_PIANO044_MID--AUDIO-split_07-06-17_Piano-e_1-04_wav--1.wav,cut-MIDI-Unprocessed_044_PIANO044_MID--AUDIO-split_07-06-17_Piano-e_1-04_wav--1.midi,2,-0.2648,-0.5101,0.986625,review_onset,01_DEPLOYED.wav,02_MATCHED.wav,wtc1p04_cut-MIDI-Unprocessed_044_PIANO044_MID--AUDIO-split_07-06-17_Piano-e_1-04_wav--1.midi,01_deployed_t0.wav,02_matched_t0.wav,03_beta_midi_piano_t0.wav,track6_beta_midi_t0_stacked_check.png,153.90935416666667,152.92272916666667,152.92272916666667,152.92274376417234,0.0,0.0,0.0,midi_pending_confirmation,True,,pending_confirmation,
track7,wtc2p24,wtc2p24,False,cut-ORIG-MIDI_03_7_6_13_Group__MID--AUDIO_10_R1_2013_wav--1.wav,cut-ORIG-MIDI_03_7_6_13_Group__MID--AUDIO_10_R1_2013_wav--1.wav,cut-ORIG-MIDI_03_7_6_13_Group__MID--AUDIO_10_R1_2013_wav--1.midi,1,-0.5012,-0.3163,1.050375,review_onset,01_DEPLOYED.wav,02_MATCHED.wav,wtc2p24_cut-ORIG-MIDI_03_7_6_13_Group__MID--AUDIO_10_R1_2013_wav--1.midi,01_deployed_t0.wav,02_matched_t0.wav,03_beta_midi_piano_t0.wav,track7_beta_midi_t0_stacked_check.png,148.184875,147.1345,147.1345,147.13448979591837,2.901,2.901,0.0,midi_pending_confirmation,True,,pending_confirmation,
track8,wtc1f03,wtc1p03,True,cut-MIDI-Unprocessed_24_R1_2011_MID--AUDIO_R1-D9_08_Track08_wav.wav,cut-MIDI-Unprocessed_24_R1_2011_MID--AUDIO_R1-D9_08_Track08_wav.wav,cut-MIDI-Unprocessed_24_R1_2011_MID--AUDIO_R1-D9_08_Track08_wav.midi,3,-0.6684,-0.6974,1.97,auto_deployed_override_confirmed_via_onset_crosscheck_2026_07_02,01_DEPLOYED.wav,02_MATCHED.wav,wtc1f03_cut-MIDI-Unprocessed_24_R1_2011_MID--AUDIO_R1-D9_08_Track08_wav.midi,01_deployed_t0.wav,02_matched_t0.wav,03_beta_midi_piano_t0.wav,track8_beta_midi_t0_stacked_check.png,130.93241666666665,128.96241666666666,128.96241666666666,128.96242630385487,1.957,1.957,0.0,confirmed_via_onset_crosscheck_2026_07_02,True,,audio_aligned_midi_pending_confirmation,"MIDI/piece-code mapping differs between source table and analysis manifest; retained for traceability. | 2026-07-02: independently re-verified via discrete note-onset cross-check between the t0-cropped deployed recording and the beta-MIDI rendering (first several onsets match within ~6-60ms for both tracks); manual_onset_s value unchanged and confirmed correct, not a listening-based sign-off."
track9,wtc1f03,wtc1p03,True,cut-MIDI-Unprocessed_049_PIANO049_MID--AUDIO-split_07-06-17_Piano-e_2-06_wav--1.wav,cut-MIDI-Unprocessed_049_PIANO049_MID--AUDIO-split_07-06-17_Piano-e_2-06_wav--1.wav,cut-MIDI-Unprocessed_049_PIANO049_MID--AUDIO-split_07-06-17_Piano-e_2-06_wav--1.midi,3,-0.6237,-0.6974,1.972,auto_deployed_override_confirmed_via_onset_crosscheck_2026_07_02,01_DEPLOYED.wav,02_MATCHED.wav,wtc1f03_cut-MIDI-Unprocessed_049_PIANO049_MID--AUDIO-split_07-06-17_Piano-e_2-06_wav--1.midi,01_deployed_t0.wav,02_matched_t0.wav,03_beta_midi_piano_t0.wav,track9_beta_midi_t0_stacked_check.png,150.12785416666668,148.15585416666667,148.15585416666667,148.15585034013606,0.013,0.013,0.0,confirmed_via_onset_crosscheck_2026_07_02,True,,audio_aligned_midi_pending_confirmation,"MIDI/piece-code mapping differs between source table and analysis manifest; retained for traceability. | 2026-07-02: independently re-verified via discrete note-onset cross-check between the t0-cropped deployed recording and the beta-MIDI rendering (first several onsets match within ~6-60ms for both tracks); manual_onset_s value unchanged and confirmed correct, not a listening-based sign-off."
